<?xml version="1.0" encoding="UTF-8"?>
<atom-services xmlns="http://www.exist-db.org/Vocabulary/AtomConfiguration/2006/1/0">
<module name="edit" class="org.exist.atom.modules.AtomProtocol"/>
<module name="content" class="org.exist.atom.modules.AtomFeeds"/>
<module name="query" query-by-post="true"/>
<module name="topic">
   <method type="GET" query="/org/exist/atom/modules/topic.xq" from-classpath="true"/>
</module>
<module name="introspect">
   <method type="GET" query="/org/exist/atom/modules/introspect.xq" content-type="application/atomsvc+xml" from-classpath="true"/>
</module>
<module name="example">
   <method type="GET" query="atom-example.xq"/>
</module>
</atom-services>
